Residue;H;N;CA;CB
1;;;61.2890;
2;8.7110;116.2256;57.7449;15.1942
3;8.4688;119.7067;57.8611;25.8915
5;;;54.3017;45.0606
6;7.9244;122.0841;55.2812;71.5338
7;;;53.1562;26.3864
8;7.7666;118.1832;54.8158;40.9470
11;;;61.7367;28.6293
12;7.8495;108.7984;62.3158;28.0818
13;8.8349;115.4312;59.8545;70.9956
14;8.8011;119.1265;59.2778;37.2748
15;7.8119;123.2853;54.2261;17.7404
16;7.9778;116.4182;59.3879;41.2258
19;;;44.0825;
20;8.0892;113.9328;53.0594;39.3073
21;7.6860;115.5352;54.8195;41.7779
22;7.4408;120.4402;61.1469;31.3899
23;;;51.7649;
24;8.3727;121.0605;55.4024;
27;;;61.8094;30.5081
28;7.6408;127.0811;55.7514;17.1952
29;8.3882;116.2950;58.5674;29.2095
30;7.5710;116.8298;57.1620;39.3039
31;7.2628;117.2208;66.0694;31.1192
32;7.4105;116.6033;58.8008;28.6585
33;7.6899;119.8844;60.5017;36.5813
34;7.4739;115.7533;56.5746;42.0470
35;7.6597;114.2940;58.3374;30.1384
36;7.1976;115.5344;54.4584;29.7547
37;;;65.4685;30.7283
38;8.1974;112.0545;60.7934;61.9761
39;7.8888;123.2161;57.9811;29.2082
40;7.9504;119.1205;60.3238;39.0390
41;8.1145;119.3057;57.8626;28.1191
42;8.0101;120.4197;57.5106;31.3959
43;7.7474;119.3199;55.1637;40.6758
44;7.8957;107.6771;45.2019;
45;7.8975;108.6746;44.4986;
46;8.2546;122.2358;54.8722;31.3966
47;8.2366;125.8129;57.5146;37.1274
48;;;61.5112;29.9983
49;8.6898;121.2242;57.7449;32.4837
50;7.3915;105.1178;44.0297;
51;9.3445;126.4002;59.8566;34.6526
52;9.1124;128.6218;52.4718;43.6836
53;9.4383;126.0534;54.3475;33.0314
54;8.9229;124.0160;59.6222;33.5881
55;8.0393;112.6028;44.3794;
61;;;54.2233;32.3695
62;8.3241;114.7210;55.7492;74.5347
63;7.6600;121.0401;57.2752;40.6782
64;8.0992;118.9931;57.0883;40.1272
65;7.8796;119.8720;55.2833;17.7423
66;7.8613;116.6002;59.0393;30.8497
67;;;53.3981;17.1021
68;7.7089;118.2255;65.1331;36.7515
69;6.9831;120.1922;54.4642;17.1950
70;8.7115;107.1874;46.0262;
71;8.5026;122.4590;58.3316;28.6617
72;7.8551;119.0287;52.3543;20.1958
73;7.9405;116.5729;56.4567;27.8452
74;7.9061;111.8312;57.1620;31.1186
75;;;62.4515;32.1885
76;7.9590;121.7004;56.1040;42.5922
77;8.8461;127.5056;55.8689;40.7063
78;8.7069;114.9328;59.8580;70.1657
79;8.7728;125.6957;59.9764;40.1282
80;8.7084;120.7779;56.5753;63.6178
81;9.1965;113.8540;47.1955;
82;8.2505;114.4095;60.5594;62.0720
83;7.7933;122.1571;56.1040;39.8583
84;7.7885;118.2587;59.7401;38.2117
85;7.5266;116.3701;63.9604;31.1192
88;;;57.4149;38.4612
89;7.8679;119.7035;63.0236;29.2117
90;8.5924;112.9392;45.2033;
91;7.9311;119.3104;62.6695;31.3919
94;;;60.2056;62.2474
95;8.1852;122.1901;57.3957;28.9410
96;8.0465;120.7759;66.3043;30.5748
97;8.0180;120.3595;59.6189;28.9355
98;8.0795;118.8657;57.0444;40.1282
99;7.9560;120.0875;58.4550;31.3951
100;8.0820;117.9741;62.2017;37.9474
101;8.4486;120.9266;59.2715;28.3896
102;7.9351;118.9363;58.2199;27.2806
103;7.7292;122.2853;54.1116;17.1970
104;8.0684;116.3760;59.5058;31.3946
105;7.3305;117.2783;57.7497;31.3939
106;7.4492;121.9277;50.9664;19.3785
107;6.8290;120.7276;51.2987;17.1936
108;;;62.5691;35.4739
109;8.5679;113.2756;55.8689;29.2093
110;7.9688;116.3644;58.8026;41.2198
111;8.6260;125.8366;59.8655;39.3144
112;9.3655;130.0337;54.9329;42.3151
113;8.8205;127.9499;58.5667;37.9472
114;8.1255;125.5880;53.0565;41.2211
115;7.9998;120.9216;56.2216;27.5717
116;8.1808;119.0010;61.8504;37.1283
117;8.7337;119.9447;55.2831;39.5870
118;7.7821;120.5872;53.7608;17.7410
119;7.1543;111.3149;61.6134;31.9410
120;8.2915;107.8398;44.8488;
121;7.4659;119.6162;55.8699;29.4843
122;8.4165;122.4441;55.9850;28.3911
123;8.6328;124.4278;55.9897;30.0299
124;8.6360;112.1044;46.2597;
125;8.3411;123.0560;54.2289;17.7404
126;;;44.8090;39.5894
127;8.1361;121.9583;54.9286;41.2234
128;;;45.8611;
129;8.5759;109.8893;45.4373;
130;8.9099;111.0577;45.9059;
131;;;56.3242;29.7467
132;8.3328;122.1697;54.4716;40.9485
133;8.7725;122.2210;58.3345;28.3949
134;8.2850;121.3283;58.5668;28.9333
135;8.2234;120.3016;58.5688;28.6592
136;8.2006;118.9525;57.8631;27.8423
137;8.0278;118.2635;66.4221;67.4401
138;8.1788;122.4549;57.6260;39.8544
139;8.3107;116.1444;56.3391;37.6621
140;7.8987;118.1362;57.7126;27.0237
141;7.8938;118.6688;59.0372;31.9386
142;7.7941;117.5224;57.3930;39.0389
143;7.8593;118.6573;65.3664;30.5729
144;7.6357;118.8293;57.5112;26.4768
145;7.5436;118.1214;57.8646;31.6676
146;8.3422;120.5787;55.7548;39.0378
147;7.3501;105.5452;44.7331;
148;7.2359;120.5761;55.1668;37.1258
149;10.5289;126.3021;57.0446;29.7544
150;9.6192;108.5169;45.2023;
151;7.9331;117.0245;52.1192;37.1313
152;9.1756;119.8555;58.4941;27.8436
153;7.9677;104.3530;45.6737;
154;7.4885;118.3131;59.8568;38.7674
155;7.8888;124.1343;58.6851;39.5880
156;8.6635;127.4189;59.8573;31.3913
157;9.8183;127.7737;59.0360;39.3142
158;9.0970;127.8524;48.7176;22.1083
159;8.3376;124.0160;50.0090;21.5693
160;8.3173;114.0980;59.7395;68.8031
161;9.0049;123.7017;52.5863;39.3069
162;8.7522;120.2423;52.1177;30.0280
163;;;64.0972;29.9070
164;8.8744;114.5091;55.0482;38.7698
165;7.0244;111.3559;60.2088;30.5747
166;6.9042;120.0761;53.8778;40.4090
167;8.5048;123.9293;52.2348;42.0428
168;;;64.1755;31.0934
169;9.1890;122.0317;54.4192;17.7391
170;8.1176;115.2412;57.2790;41.7711
171;7.1133;116.7237;53.4081;40.4057
172;6.4980;118.1789;54.1124;28.9348
173;;;63.6270;30.5778
174;9.1132;114.5534;44.6153;
175;8.0830;122.1092;54.4639;27.8433
176;8.6857;123.8317;56.6922;34.9433
177;7.6506;118.7030;52.8227;39.8544
178;7.4233;119.0604;54.3466;32.4835
179;8.7657;122.9648;54.1125;30.0322
180;9.1107;125.6199;60.5612;33.5767
181;8.9810;129.3587;61.7311;30.8499
182;8.9144;129.1962;61.6145;31.1201
183;8.1873;112.3252;43.9121;
184;8.1940;121.1220;52.3542;40.6796
185;;;62.0989;30.4546
186;8.3136;122.3846;52.0013;39.8544
187;8.4047;118.9182;66.3050;30.3052
188;7.4461;122.3097;58.4489;28.3928
189;8.5952;110.6091;46.7263;
190;9.2600;119.9001;60.1666;30.0281
191;7.6946;119.9944;59.7370;36.5821
192;7.7843;117.0013;58.6845;27.5725
193;7.9683;119.4260;64.3122;37.9458
194;8.6021;119.9001;58.3311;40.9527
195;8.1521;117.1635;59.9748;31.3946
196;7.1675;117.5274;65.7188;30.5783
197;7.4932;118.4749;59.0363;30.5783
198;9.0842;117.3376;58.0973;32.7567
199;7.1199;116.4543;58.2161;29.4833
200;7.5730;114.3090;55.9865;29.7551
201;7.5010;116.8648;57.6286;32.4825
202;;;61.6287;29.9070
203;8.2770;125.4380;53.6438;43.4077
204;8.2403;125.4602;50.2434;17.4694
205;;;63.9529;31.0397
206;8.0574;113.9404;53.0584;39.0504
207;7.2553;119.2137;59.7394;35.7631
208;7.2625;125.1662;52.1196;42.3209
209;;;54.6935;18.3169
210;8.2681;120.9564;55.0447;17.0832
211;7.5516;119.7382;63.8418;36.5800
212;7.2102;120.4857;62.7877;35.4894
213;8.5338;123.6258;54.6935;17.7569
214;8.1189;120.5564;59.1536;28.9383
215;7.2555;103.9480;44.6158;
216;6.8578;108.6159;57.9848;67.4394
217;;;64.4106;29.7245
218;8.0761;110.2229;45.2021;
219;7.9148;121.4803;57.3970;38.2117
220;9.5433;118.7545;56.1045;64.9804
221;9.2491;107.4801;48.1337;
222;8.4843;125.7608;54.4645;17.1934
223;7.8636;119.5640;56.8093;40.4042
224;8.2136;120.0237;57.3954;40.4020
225;7.6234;121.5180;54.9329;16.3741
226;8.0359;116.8102;55.3988;37.1277
227;8.6628;122.5929;58.4477;40.9544
228;7.5541;117.2978;66.4217;30.5763
229;7.7216;117.1982;56.1040;37.9463
230;9.0103;119.3794;58.0631;28.1180
231;8.4144;124.1569;55.2812;15.8287
232;8.0057;119.4910;54.4633;16.6481
233;7.9580;122.3797;57.6294;40.1304
234;8.5970;119.2008;62.3195;37.4030
235;8.1349;123.4929;55.0461;17.4191
236;8.0638;121.7382;54.8110;17.1910
237;8.5616;119.3347;58.3374;29.2087
238;7.5865;105.7477;44.4957;
239;8.0303;116.3992;54.0006;36.5690
240;8.3132;116.8971;54.1147;32.7553
241;;;56.5742;29.9983
242;7.1578;109.9067;58.0987;34.3979
243;8.7708;122.5632;62.7868;30.9109
244;9.2318;125.3273;56.8084;67.4422
245;9.4303;120.3464;57.2011;30.0345
246;7.9762;118.8310;65.4838;30.5704
247;7.2979;119.0029;61.8246;27.8080
248;7.6933;117.5572;63.3758;38.4855
249;8.4452;121.2837;59.3865;28.1170
250;7.7202;119.0753;58.6830;30.5721
251;8.0935;122.1512;54.9326;19.1073
252;8.3672;120.6774;60.2107;30.8468
253;7.7997;118.6681;56.9269;39.8544
254;7.7358;119.9711;58.8023;31.9399
255;8.2234;119.6647;63.3733;36.8547
256;8.4026;118.3474;57.1620;31.6683
257;7.9614;117.9277;56.2236;31.6683
258;7.9044;108.3695;45.3219;
259;7.8417;123.3356;52.0015;18.6144
260;8.2852;120.3861;56.2216;29.2080
261;7.8256;127.2971;56.9254;30.5799